Comment,Designator,Footprint,LCSC Part #
Female header 1x20 2.54mm (Pico 2 H),"J1,J2",PinSocket_1x20_P2.54mm_Vertical,C2905423
Molex 47053-1000 fan header 4P,"J11,J12,J13,J14,J15,J16",FanPinHeader_1x04_P2.54mm_Vertical,C240840
1k,"R11,R12,R13,R14,R15,R16",R_0603_1608Metric,C21190
10k,"R21,R31,R22,R32,R23,R33,R24,R34,R25,R35,R26,R36,R4,R5",R_0603_1608Metric,C25804
BC847B,"Q1,Q2,Q3,Q4,Q5,Q6",SOT-23,C20069135
GCT USB4125-GF-A USB-C 6P,J3,USB_C_Receptacle_GCT_USB4125-xx-x_6P_TopMnt_Horizontal,C3151650
5.1k,"R1,R2",R_0603_1608Metric,C23186
PTC 2A hold,F1,Fuse_1812_4532Metric,C960026
AO3401A,"Q7,Q8",SOT-23,C15127
100k,R3,R_0603_1608Metric,C25803
MM1Z6V2,D1,D_SOD-123,C22379464
BC857C,Q9,SOT-23,C20069137
BZT52C5V6,D2,D_SOD-123,C173406
470uF 25V,C1,CP_Elec_8x10.5,C48935394
100nF,C2,C_0603_1608Metric,C14663
SMAJ5.0A,D3,D_SMA,C2925443
Pin header 1x08 2.54mm,"J4,J5",PinHeader_1x08_P2.54mm_Vertical,C32713274
Terminal block 3P 5.0mm,"J6,J7,J8",TerminalBlock_MaiXu_MX126-5.0-03P_1x03_P5.00mm,C5188435
4.7k,R6,R_0603_1608Metric,C23162
