Designator,Mid X,Mid Y,Layer,Rotation
C1,33.0000mm,-30.0000mm,Top,90.0
C2,27.5000mm,-36.0000mm,Top,90.0
D1,18.5000mm,-35.0000mm,Top,0.0
D2,12.0000mm,-40.0000mm,Top,0.0
D3,27.5000mm,-42.0000mm,Top,90.0
F1,15.0000mm,-22.0000mm,Top,0.0
J1,52.0000mm,-10.0000mm,Top,0.0
J2,69.7800mm,-10.0000mm,Top,0.0
J3,3.4000mm,-22.0000mm,Top,-90.0
J4,80.0000mm,-12.0000mm,Top,0.0
J5,91.0000mm,-12.0000mm,Top,0.0
J6,108.5000mm,-22.0000mm,Top,90.0
J7,108.5000mm,-39.0000mm,Top,90.0
J8,108.5000mm,-56.0000mm,Top,90.0
J11,10.0000mm,-79.0000mm,Top,0.0
J12,25.0000mm,-79.0000mm,Top,0.0
J13,40.0000mm,-79.0000mm,Top,0.0
J14,55.0000mm,-79.0000mm,Top,0.0
J15,70.0000mm,-79.0000mm,Top,0.0
J16,85.0000mm,-79.0000mm,Top,0.0
Q1,14.2000mm,-67.6000mm,Top,0.0
Q2,29.2000mm,-67.6000mm,Top,0.0
Q3,44.2000mm,-67.6000mm,Top,0.0
Q4,59.2000mm,-67.6000mm,Top,0.0
Q5,74.2000mm,-67.6000mm,Top,0.0
Q6,89.2000mm,-67.6000mm,Top,0.0
Q7,23.0000mm,-19.0000mm,Top,0.0
Q8,23.0000mm,-25.0000mm,Top,0.0
Q9,12.0000mm,-31.0000mm,Top,0.0
R1,12.0000mm,-15.0000mm,Top,90.0
R2,15.0000mm,-15.0000mm,Top,90.0
R3,18.5000mm,-31.0000mm,Top,0.0
R4,12.0000mm,-36.0000mm,Top,0.0
R5,12.0000mm,-44.0000mm,Top,0.0
R6,101.0000mm,-45.0000mm,Top,90.0
R11,10.6000mm,-68.0000mm,Top,90.0
R12,25.6000mm,-68.0000mm,Top,90.0
R13,40.6000mm,-68.0000mm,Top,90.0
R14,55.6000mm,-68.0000mm,Top,90.0
R15,70.6000mm,-68.0000mm,Top,90.0
R16,85.6000mm,-68.0000mm,Top,90.0
R21,13.0000mm,-71.2000mm,Top,0.0
R22,28.0000mm,-71.2000mm,Top,0.0
R23,43.0000mm,-71.2000mm,Top,0.0
R24,58.0000mm,-71.2000mm,Top,0.0
R25,73.0000mm,-71.2000mm,Top,0.0
R26,88.0000mm,-71.2000mm,Top,0.0
R31,19.4000mm,-68.0000mm,Top,90.0
R32,34.4000mm,-68.0000mm,Top,90.0
R33,49.4000mm,-68.0000mm,Top,90.0
R34,64.4000mm,-68.0000mm,Top,90.0
R35,79.4000mm,-68.0000mm,Top,90.0
R36,94.4000mm,-68.0000mm,Top,90.0
